WKT, name, description
POINT(-122.3256581 47.7087551), Tianfu, 10
POINT(-122.1684453 47.576359), Tianfu, 10
