WKT, name, description
POINT(-122.3407592 47.60936359999999), Miss cafe,  426
POINT(-122.2613941 47.5195525), Redwing cafe,  434
POINT(-122.3241952 47.59761659999999), Ton kiang barbeque noodle house,  477
POINT(-122.2987873 47.6756848), Zouave restaurant,  458
POINT(-122.3626382 47.6760743), Ra¨ªz,  482
POINT(-122.2820633 47.53836769999999), Hoang lan restaurant,  339
POINT(-122.3259332 47.5976134), Canton wonton house,  223
POINT(-122.3572253 47.6392853), Queen c¨¤ ph¨º,  204
POINT(-122.3475534 47.61804189999999), Wa'z seattle,  342
POINT(-122.3351362 47.60193880000001), 84 yesler,  292
POINT(-122.3530846 47.5140426), Dalat quan,  323
POINT(-122.3449264 47.6131289), La fontana siciliana,  207
POINT(-122.3143814 47.6149521), Omega ouzeri,  257
POINT(-122.3256581 47.7087551), Ìì¸®´ºÇï tian fu,  237
POINT(-122.1684453 47.576359), Tian fu bellevue,  237
POINT(-122.3249324 47.5978186), Honey court seafood restaurant,  237
POINT(-122.4109734 47.57853679999999), Il nido,  313
POINT(-122.3311524 47.6612737), Kabul afghan cuisine,  258
POINT(-122.3129519 47.618831), Aviv hummus bar,  233
