WKT, name, description
POINT(-122.312868 47.667825), Tig kitchen and bar,  83
POINT(-122.3133778 47.6577442), The alley korean restaurant,  83
POINT(-122.3449435 47.74471459999999), The grill king all you can eat korean bbq,  95
POINT(-122.3475534 47.61804189999999), Wa'z seattle,  77
POINT(-122.3474313 47.614881), La vita e bella,  92
POINT(-122.2947816 47.7205121), Toyoda sushi,  92
POINT(-122.202107 47.759038), The vet chef llc,  63
POINT(-122.3672681 47.7904521), Ono authentic hawaiian poke,  59
POINT(-122.3249225 47.5985971), Mike's noodle house,  65
POINT(-122.2992363 47.59915489999999), Wood shop bbq,  56
POINT(-122.312858 47.6192619), Kobuta & ookami katsu and sake house,  56
POINT(-122.3208911 47.6513824), Johnny mo's pizzeria,  53
POINT(-122.3255833 47.62468380000001), Single shot,  55
POINT(-122.3159411 47.599344), Loving hut,  62
POINT(-122.3501461 47.6516094), Galaxy rune,  54
POINT(-122.3175359 47.5994553), Sichuanese cuisine,  67
POINT(-122.3866034 47.6685363), Sen noodle bar,  71
POINT(-122.3255833 47.62468380000001), Single shot,  87
POINT(-122.3016427 47.6130818), Communion restaurant & bar,  74
POINT(-122.385039 47.667005), Sawyer,  87
POINT(-122.3334197 47.6130976), Dragonfish asian cafe,  53
POINT(-122.2990836 47.5991535), Reckless noodle house and cocktails,  68
POINT(-122.320586 47.62361), Herb & bitter public house,  82
POINT(-122.3247032 47.39948340000001), Wally's chowder house broiler,  63
POINT(-122.3502589 47.6578322), Le coin,  59
POINT(-122.314478 47.61508), Spinasse,  84
POINT(-122.3423607 47.6495925), The whale wins,  68
