WKT, name, description
POINT(-122.2937675 47.5620445), Bananas grill,  701
POINT(-122.2928169 47.894959), Grouchy chef,  719
POINT(-122.277327 47.6360705), The independent pizzeria,  865
POINT(-122.3982471 47.67571359999999), Samara,  565
POINT(-122.3442047 47.6506808), My friend dereks,  565
